,Sharpe,MaxDrawdown,TotalReturn
RELIANCE.NS,0.1329303400768778,-0.16875496160939052,0.01790796410654627
HDFCBANK.NS,0.44029030206911746,-0.04753878008140504,0.03929923052383799
INFY.NS,0.2658834774053043,-0.1914364192857898,0.05740640667055508
